<?xml version="1.0"?>
<level id="1" numToWin="3">
	<piece name="fox">
		<foxPart>TAIL</foxPart>
		<orientation>NORTH_SOUTH</orientation>
		<id>Fox1</id>
		<position x="1" y="0" />
	</piece>
	<piece name="fox">
		<foxPart>HEAD</foxPart>
		<orientation>NORTH_SOUTH</orientation>
		<id>Fox1</id>
		<position x="1" y="1"/>
	</piece>
	<piece name="rabbit">
		<id>Rabbit1</id>
		<position x="3" y="0"/>
	</piece>
	<piece name="mushroom">
		<position x="3" y="1"/>
	</piece>
	<piece name="fox">
		<foxPart>TAIL</foxPart>
		<orientation>EAST_WEST</orientation>
		<id>Fox2</id>
		<position x="4" y="3"/>
	</piece>
	<piece name="fox">
			<foxPart>HEAD</foxPart>
			<orientation>EAST_WEST</orientation>
			<id>Fox2</id>
		<position x="3" y="3"/>
	</piece>
	<piece name="mushroom">
		<position x="2" y="4"/>
	</piece>
	<piece name="rabbit">
			<id>Rabbit2</id>
		<position x="1" y="4"/>
	</piece>
	<piece name="rabbit">
		<id>Rabbit3</id>
		<position x="4" y="2"/>
	</piece>
</level>
