<?xml version="1.0" encoding="UTF-8" standalone="no"?><level numToWin="2"><piece name="rabbit"><id>Rabbit1</id><position x="3" y="0"/></piece><piece name="fox"><foxPart>HEAD</foxPart><orientation>EAST_WEST</orientation><id>Fox2</id><position x="2" y="1"/></piece><piece name="fox"><foxPart>TAIL</foxPart><orientation>EAST_WEST</orientation><id>Fox2</id><position x="3" y="1"/></piece><piece name="rabbit"><id>Rabbit1</id><position x="0" y="2"/></piece><piece name="fox"><foxPart>TAIL</foxPart><orientation>NORTH_SOUTH</orientation><id>Fox1</id><position x="1" y="2"/></piece><piece name="mushroom"><position x="3" y="2"/></piece><piece name="fox"><foxPart>HEAD</foxPart><orientation>NORTH_SOUTH</orientation><id>Fox1</id><position x="1" y="3"/></piece><piece name="mushroom"><position x="3" y="3"/></piece><piece name="mushroom"><position x="2" y="4"/></piece></level>